seed,side,boundary_distance,exp_relerr,exp_adjoint_relerr,lyapunov_relerr,lyapunov_adjoint_relerr,exp_adjoint_success,branch_covariance_relerr,branch_gradient_relerr
91,real,1e-16,5.76079e-17,5.76235e-17,3.87671e-17,3.59223e-17,true,4.47986e-17,1.27378e-16
91,real,1e-15,7.44082e-17,1.50547e-16,7.28093e-17,9.2955e-17,true,5.71293e-17,5.01439e-16
91,real,1e-14,1.6497e-17,1.55893e-16,1.12054e-16,1.56871e-16,true,9.14853e-17,5.50453e-16
91,real,1e-13,1.06912e-16,2.45976e-16,1.103e-16,1.28691e-16,true,1.42277e-16,4.62468e-16
91,real,1e-12,1.16194e-16,2.13691e-16,1.17227e-16,4.44203e-17,true,1.50598e-16,4.35125e-16
91,real,1e-11,1.32644e-16,1.47621e-16,1.8058e-16,1.45626e-16,true,1.82455e-16,3.6497e-16
91,real,1e-10,1.10039e-16,1.40294e-16,8.43568e-17,3.14364e-17,true,3.71819e-17,1.16511e-16
91,real,1e-09,4.06867e-17,4.54878e-16,5.45899e-17,4.21716e-17,true,6.16785e-17,2.93005e-16
91,real,1e-08,6.62596e-17,3.58225e-16,6.48614e-17,1.30594e-16,true,9.85675e-17,1.48386e-16
91,real,1e-07,1.3011e-16,1.04174e-16,1.10611e-16,1.06783e-16,true,1.46808e-16,3.34644e-16
91,real,1e-06,6.31689e-17,1.36157e-16,1.28309e-16,3.21317e-17,true,1.09808e-16,5.58404e-16
91,real,1e-05,1.301e-16,2.03425e-16,4.66273e-17,4.90043e-17,true,6.85338e-17,4.03902e-16
91,real,0.0001,6.68039e-17,1.42196e-16,8.80123e-17,4.55842e-17,true,9.85096e-17,3.28575e-16
91,real,0.001,4.61533e-17,9.11572e-17,6.54476e-17,7.10753e-17,true,6.49843e-17,9.16168e-17
91,real,0.01,4.02767e-17,2.29258e-16,5.20178e-17,6.40095e-17,true,9.17054e-17,2.68432e-16
91,real,0.1,1.06949e-16,5.20503e-16,1.31915e-18,7.07361e-17,true,4.57991e-17,2.72689e-16
91,real,1,5.32014e-17,1.7052e-16,4.70769e-17,1.04977e-16,true,4.80166e-17,3.42414e-16
91,complex,1e-16,2.51292e-17,6.13419e-17,5.67819e-17,5.27061e-17,true,6.61569e-17,1.23388e-16
91,complex,1e-15,2.2864e-17,1.40155e-16,2.01559e-16,1.0538e-16,true,2.29066e-16,4.53696e-16
91,complex,1e-14,6.20766e-17,1.5476e-16,7.13658e-17,4.61391e-17,true,5.17979e-17,2.40266e-16
91,complex,1e-13,9.50234e-17,3.89316e-16,8.74993e-17,1.28691e-16,true,1.28265e-16,2.22912e-16
91,complex,1e-12,8.56211e-17,1.8596e-16,4.52202e-17,4.49985e-17,true,4.29669e-17,2.23781e-16
91,complex,1e-11,1.42684e-16,2.24372e-16,1.37403e-16,1.47806e-16,true,1.29795e-16,3.54158e-16
91,complex,1e-10,4.02903e-17,1.69359e-16,4.45765e-17,3.14369e-17,true,4.10554e-17,2.06391e-16
91,complex,1e-09,6.2765e-17,1.07802e-16,8.88533e-17,4.2016e-17,true,1.02854e-16,1.29326e-16
91,complex,1e-08,2.39055e-17,2.66084e-16,1.2731e-16,8.64514e-17,true,1.31907e-16,3.64234e-16
91,complex,1e-07,6.36729e-17,4.63855e-16,1.41889e-16,1.19512e-16,true,1.26316e-16,4.95582e-16
91,complex,1e-06,2.17376e-17,2.11891e-16,1.97618e-16,1.54624e-16,true,1.67866e-16,2.37429e-16
91,complex,1e-05,7.55771e-17,1.07796e-16,1.24415e-16,1.4816e-16,true,1.22444e-16,4.48494e-16
91,complex,0.0001,6.46551e-17,3.51344e-16,7.36731e-17,1.24716e-16,true,1.08396e-16,6.32874e-16
91,complex,0.001,9.87432e-17,5.01988e-16,7.01358e-17,5.61349e-17,true,1.06442e-16,4.7729e-16
91,complex,0.01,3.22759e-17,5.57655e-17,1.07347e-16,7.54378e-17,true,7.74552e-17,1.7349e-16
91,complex,0.1,4.68045e-17,1.6886e-16,7.94947e-17,1.21731e-16,true,1.28772e-16,3.6113e-16
91,complex,1,7.22866e-17,1.37573e-16,2.0204e-17,6.64996e-17,true,2.45959e-17,6.68242e-17
92,real,1e-16,5.76079e-17,1.4305e-16,1.3111e-16,2.24841e-17,true,6.9262e-17,1.8502e-16
92,real,1e-15,7.44082e-17,2.16089e-16,1.0846e-16,1.74444e-16,true,1.6253e-16,2.73713e-16
92,real,1e-14,1.6497e-17,2.35722e-16,1.48776e-16,9.91907e-17,true,8.25115e-17,3.57338e-16
92,real,1e-13,1.06912e-16,6.93436e-17,1.12808e-16,7.04242e-17,true,1.78461e-16,1.56247e-16
92,real,1e-12,1.16194e-16,3.00709e-16,1.38659e-16,5.76984e-17,true,2.09927e-16,3.54943e-16
92,real,1e-11,1.32644e-16,8.80863e-17,1.33657e-16,1.02264e-16,true,9.88981e-17,3.58282e-16
92,real,1e-10,1.10039e-16,1.97413e-16,2.75154e-17,5.76622e-17,true,6.59209e-17,1.78131e-16
92,real,1e-09,4.06867e-17,2.63822e-16,6.62683e-17,1.00096e-16,true,1.42244e-16,1.30526e-16
92,real,1e-08,6.62596e-17,4.03577e-16,1.08873e-16,7.3256e-17,true,1.41849e-16,1.79472e-16
92,real,1e-07,1.3011e-16,1.99598e-16,1.66038e-16,9.01629e-17,true,1.68229e-16,3.47241e-16
92,real,1e-06,6.31689e-17,1.73087e-16,2.75241e-17,4.21146e-17,true,4.25709e-17,1.20683e-16
92,real,1e-05,1.301e-16,2.85799e-16,1.20393e-16,8.48392e-17,true,1.68869e-16,1.47855e-16
92,real,0.0001,6.68039e-17,1.08377e-16,8.0653e-17,9.20774e-17,true,1.21246e-16,1.22112e-16
92,real,0.001,4.61533e-17,2.10484e-16,4.67027e-17,4.23129e-17,true,8.73698e-17,1.17356e-16
92,real,0.01,4.02767e-17,2.50379e-16,1.43444e-16,1.7142e-16,true,1.81603e-16,2.55981e-16
92,real,0.1,1.06949e-16,6.63669e-16,1.11522e-16,1.54488e-16,true,9.39374e-17,3.1782e-16
92,real,1,5.32014e-17,4.42167e-16,1.01031e-16,1.70113e-16,true,9.05551e-17,1.71747e-16
92,complex,1e-16,2.51292e-17,9.09848e-17,1.12723e-16,1.82265e-17,true,6.39197e-17,1.17493e-16
92,complex,1e-15,2.2864e-17,2.4731e-16,1.72785e-16,1.24904e-16,true,1.52641e-16,4.11052e-16
92,complex,1e-14,6.20766e-17,1.6284e-16,1.20982e-16,1.43484e-16,true,1.83159e-16,2.45102e-16
92,complex,1e-13,9.50234e-17,5.12873e-16,1.71209e-16,3.22013e-17,true,1.43672e-16,3.66514e-16
92,complex,1e-12,8.56211e-17,1.51214e-16,1.38216e-16,8.33009e-17,true,1.2809e-16,1.44046e-16
92,complex,1e-11,1.42684e-16,2.87125e-16,1.56832e-16,9.29898e-17,true,1.08393e-16,5.02599e-16
92,complex,1e-10,4.02903e-17,1.27409e-16,1.01999e-16,8.64163e-17,true,1.7725e-16,1.1335e-16
92,complex,1e-09,6.2765e-17,5.08357e-17,4.71391e-17,1.31816e-16,true,8.85019e-17,6.81738e-17
92,complex,1e-08,2.39055e-17,2.96898e-16,6.98468e-17,2.26065e-16,true,1.18351e-16,1.43274e-16
92,complex,1e-07,6.36729e-17,6.57709e-16,1.04237e-16,2.61334e-16,true,8.0257e-17,4.99489e-16
92,complex,1e-06,2.17376e-17,1.71253e-16,1.19485e-16,2.59587e-16,true,1.6303e-16,2.92093e-16
92,complex,1e-05,7.55771e-17,1.99919e-16,1.29176e-16,9.54105e-17,true,1.04326e-16,3.58627e-16
92,complex,0.0001,6.46551e-17,4.45909e-16,6.17313e-17,1.00212e-16,true,9.7915e-17,2.0765e-16
92,complex,0.001,9.87432e-17,4.38222e-16,6.39704e-17,1.02465e-16,true,1.53261e-16,3.17028e-16
92,complex,0.01,3.22759e-17,5.25502e-17,9.74005e-17,5.47796e-17,true,9.42287e-17,2.68947e-16
92,complex,0.1,4.68045e-17,2.27512e-16,6.01427e-17,1.15172e-16,true,1.53616e-16,4.34636e-16
92,complex,1,7.22866e-17,9.73515e-17,1.47091e-16,5.27506e-17,true,1.02732e-16,7.48645e-17
93,real,1e-16,5.76079e-17,1.4876e-16,4.59269e-17,9.47268e-18,true,2.21988e-17,8.80405e-17
93,real,1e-15,7.44082e-17,2.29525e-16,1.06345e-16,1.12776e-16,true,1.39247e-16,8.11747e-17
93,real,1e-14,1.6497e-17,3.40443e-16,1.01345e-16,2.17631e-16,true,8.23998e-17,9.23597e-17
93,real,1e-13,1.06912e-16,1.56141e-16,4.66528e-17,6.47458e-17,true,2.38162e-17,2.42319e-16
93,real,1e-12,1.16194e-16,2.01669e-16,1.02832e-16,9.32145e-17,true,1.01016e-16,1.32711e-16
93,real,1e-11,1.32644e-16,2.00703e-16,1.14704e-16,9.19579e-17,true,1.11395e-16,5.95458e-16
93,real,1e-10,1.10039e-16,2.44619e-16,3.65719e-17,9.69623e-17,true,4.27677e-17,1.41387e-16
93,real,1e-09,4.06867e-17,4.13974e-16,3.91256e-17,5.34174e-17,true,3.58285e-17,2.7215e-16
93,real,1e-08,6.62596e-17,1.51341e-16,1.27542e-16,1.23955e-16,true,1.12801e-16,2.41876e-16
93,real,1e-07,1.3011e-16,1.09994e-16,7.81886e-17,1.00481e-16,true,6.67885e-17,4.03375e-16
93,real,1e-06,6.31689e-17,1.20699e-16,1.42968e-16,2.05802e-17,true,1.53137e-16,1.85806e-16
93,real,1e-05,1.301e-16,2.29315e-16,2.2235e-17,5.40589e-17,true,4.31871e-17,1.39934e-16
93,real,0.0001,6.68039e-17,6.20787e-17,9.25262e-17,1.01119e-16,true,1.04443e-16,1.88621e-16
93,real,0.001,4.61533e-17,2.86267e-16,5.86854e-17,1.43397e-16,true,4.25637e-17,2.35828e-16
93,real,0.01,4.02767e-17,1.97394e-16,1.08e-16,9.25056e-17,true,1.54754e-16,3.59536e-16
93,real,0.1,1.06949e-16,5.7102e-16,8.97291e-17,8.15882e-17,true,9.70815e-17,2.01611e-16
93,real,1,5.32014e-17,2.91174e-16,2.03145e-16,9.4473e-17,true,1.08503e-16,4.32341e-16
93,complex,1e-16,2.51292e-17,1.26138e-16,3.82613e-17,9.47268e-18,true,3.29651e-17,7.66492e-17
93,complex,1e-15,2.2864e-17,3.89615e-16,1.58787e-16,5.27142e-17,true,1.60283e-16,2.0354e-16
93,complex,1e-14,6.20766e-17,1.98348e-16,1.34549e-16,9.51089e-17,true,1.08822e-16,1.97569e-16
93,complex,1e-13,9.50234e-17,3.81292e-16,9.95586e-17,5.21826e-17,true,1.10365e-16,3.35753e-16
93,complex,1e-12,8.56211e-17,2.56553e-16,1.02832e-16,9.32145e-17,true,1.20255e-16,1.13511e-16
93,complex,1e-11,1.42684e-16,2.43674e-16,1.78e-16,9.19579e-17,true,1.86591e-16,4.70086e-16
93,complex,1e-10,4.02903e-17,1.29854e-16,3.65722e-17,9.69635e-17,true,6.9896e-17,1.42367e-16
93,complex,1e-09,6.2765e-17,1.28725e-16,6.53248e-17,5.35671e-17,true,8.89351e-17,9.79435e-17
93,complex,1e-08,2.39055e-17,2.13254e-16,2.10552e-16,1.35482e-16,true,2.24735e-16,4.53239e-16
93,complex,1e-07,6.36729e-17,3.24469e-16,7.70126e-17,9.13656e-17,true,1.0008e-16,2.53622e-16
93,complex,1e-06,2.17376e-17,1.25189e-16,2.23662e-16,1.49621e-16,true,2.09414e-16,4.101e-16
93,complex,1e-05,7.55771e-17,9.16275e-17,1.37861e-16,5.10198e-17,true,1.35368e-16,2.88872e-16
93,complex,0.0001,6.46551e-17,2.96589e-16,1.13932e-16,1.33716e-16,true,9.35659e-17,3.30183e-16
93,complex,0.001,9.87432e-17,4.86139e-16,1.06844e-16,5.40948e-17,true,1.09602e-16,3.80412e-16
93,complex,0.01,3.22759e-17,1.63043e-16,1.38521e-16,7.94832e-17,true,1.71299e-16,2.71132e-16
93,complex,0.1,4.68045e-17,2.00322e-16,1.30662e-16,1.06902e-16,true,1.20005e-16,4.25345e-16
93,complex,1,7.22866e-17,6.87634e-17,2.0199e-16,1.01907e-16,true,2.36937e-16,2.97055e-16
94,real,1e-16,5.76079e-17,4.85109e-17,9.26042e-17,5.50726e-17,true,1.04678e-16,1.66659e-16
94,real,1e-15,7.44082e-17,1.16593e-16,1.02698e-16,1.85406e-16,true,8.26381e-17,4.69908e-16
94,real,1e-14,1.6497e-17,2.22593e-16,1.12945e-16,1.41748e-16,true,1.03152e-16,1.87734e-16
94,real,1e-13,1.06912e-16,2.21604e-17,1.623e-16,1.25875e-16,true,1.6474e-16,1.49532e-16
94,real,1e-12,1.16194e-16,1.30286e-16,7.87571e-17,7.09799e-17,true,8.87478e-17,7.06463e-17
94,real,1e-11,1.32644e-16,1.44317e-16,1.88507e-16,5.08427e-17,true,2.0111e-16,4.68147e-16
94,real,1e-10,1.10039e-16,8.10307e-17,3.27234e-17,4.42853e-17,true,8.98109e-17,2.00073e-16
94,real,1e-09,4.06867e-17,1.8396e-16,1.18731e-16,7.91966e-17,true,6.45544e-17,9.81612e-17
94,real,1e-08,6.62596e-17,3.16802e-16,1.11744e-16,1.18259e-16,true,7.13426e-17,3.04554e-16
94,real,1e-07,1.3011e-16,1.35596e-16,2.8206e-17,7.28154e-17,true,7.13762e-17,1.63085e-16
94,real,1e-06,6.31689e-17,2.14134e-17,4.5128e-17,1.0101e-16,true,2.13247e-17,1.90198e-16
94,real,1e-05,1.301e-16,1.0579e-16,1.41102e-16,3.86268e-17,true,1.34121e-16,1.12901e-16
94,real,0.0001,6.68039e-17,5.09758e-17,1.11072e-16,1.53921e-16,true,1.01152e-16,2.06946e-16
94,real,0.001,4.61533e-17,2.03977e-16,9.08648e-17,6.50433e-17,true,1.3593e-16,1.22451e-16
94,real,0.01,4.02767e-17,2.03389e-16,9.05023e-18,5.51419e-17,true,6.83365e-17,1.42946e-16
94,real,0.1,1.06949e-16,1.62458e-16,1.03495e-16,9.58672e-17,true,7.55521e-17,1.46332e-16
94,real,1,5.32014e-17,3.44053e-17,2.01325e-16,1.74181e-16,true,2.33952e-16,1.57734e-16
94,complex,1e-16,2.51292e-17,6.5495e-17,7.8049e-17,3.45949e-17,true,8.52912e-17,1.24067e-16
94,complex,1e-15,2.2864e-17,4.19729e-17,1.31174e-16,1.22349e-16,true,1.5824e-16,3.40612e-16
94,complex,1e-14,6.20766e-17,1.17506e-16,1.43558e-16,2.20834e-16,true,1.40036e-16,3.20918e-16
94,complex,1e-13,9.50234e-17,4.29097e-16,1.01631e-16,5.86363e-17,true,1.21363e-16,2.86104e-16
94,complex,1e-12,8.56211e-17,1.34297e-16,6.09718e-17,2.21443e-17,true,1.02723e-16,1.43777e-16
94,complex,1e-11,1.42684e-16,2.77104e-16,1.71579e-16,1.94716e-16,true,1.63477e-16,6.63609e-16
94,complex,1e-10,4.02903e-17,1.51451e-16,3.80223e-17,1.84529e-17,true,1.75935e-17,1.26031e-16
94,complex,1e-09,6.2765e-17,5.55069e-17,5.32963e-17,2.00957e-17,true,1.01132e-16,7.44092e-17
94,complex,1e-08,2.39055e-17,6.53125e-17,2.28867e-16,1.72085e-16,true,2.30114e-16,2.54337e-16
94,complex,1e-07,6.36729e-17,4.46371e-16,1.58359e-16,1.23641e-16,true,1.92849e-16,4.3084e-16
94,complex,1e-06,2.17376e-17,1.51196e-16,2.09197e-16,2.23393e-16,true,1.92304e-16,2.27027e-16
94,complex,1e-05,7.55771e-17,4.67235e-17,1.08806e-16,1.16131e-16,true,1.53889e-16,1.94377e-16
94,complex,0.0001,6.46551e-17,5.7134e-16,3.05475e-17,3.16635e-17,true,1.27489e-17,2.35216e-16
94,complex,0.001,9.87432e-17,3.35551e-16,6.56399e-17,8.11613e-17,true,4.7145e-17,3.57756e-16
94,complex,0.01,3.22759e-17,7.19672e-17,3.05316e-17,6.99378e-17,true,7.53173e-17,7.16859e-17
94,complex,0.1,4.68045e-17,9.35918e-17,1.97956e-16,1.23975e-16,true,1.74998e-16,2.59635e-16
94,complex,1,7.22866e-17,5.23129e-17,2.99185e-17,1.61567e-17,true,7.16476e-17,2.00628e-16
95,real,1e-16,5.76079e-17,1.29571e-16,4.14903e-17,3.17616e-17,true,5.1065e-17,1.94305e-16
95,real,1e-15,7.44082e-17,1.59059e-16,1.46608e-16,5.34404e-17,true,1.03527e-16,3.08062e-16
95,real,1e-14,1.6497e-17,1.75295e-16,1.55792e-16,5.48107e-17,true,1.66238e-16,2.04881e-16
95,real,1e-13,1.06912e-16,1.70938e-16,1.10778e-16,1.42988e-16,true,9.85342e-17,1.09049e-16
95,real,1e-12,1.16194e-16,1.92719e-16,3.71697e-17,7.82959e-17,true,6.69437e-17,1.47985e-16
95,real,1e-11,1.32644e-16,2.19695e-16,9.32114e-17,1.15623e-16,true,1.30001e-16,2.76459e-16
95,real,1e-10,1.10039e-16,1.60643e-16,6.90696e-17,4.2874e-17,true,3.88291e-17,6.18312e-17
95,real,1e-09,4.06867e-17,3.54812e-16,4.354e-17,1.31254e-16,true,4.71135e-17,2.7034e-16
95,real,1e-08,6.62596e-17,3.52048e-16,6.93547e-17,1.01752e-16,true,2.02784e-17,6.7982e-17
95,real,1e-07,1.3011e-16,1.4796e-16,7.95713e-17,7.19661e-17,true,4.26187e-17,2.40464e-16
95,real,1e-06,6.31689e-17,7.39519e-17,2.7534e-17,1.58506e-16,true,3.58095e-17,1.34444e-16
95,real,1e-05,1.301e-16,1.45133e-16,3.06587e-17,9.64608e-17,true,6.10859e-17,1.98798e-16
95,real,0.0001,6.68039e-17,7.75312e-17,3.61537e-17,3.98476e-17,true,4.70875e-17,1.78423e-16
95,real,0.001,4.61533e-17,2.11392e-16,1.15836e-16,1.01957e-16,true,1.77832e-16,1.84431e-16
95,real,0.01,4.02767e-17,1.89742e-16,5.39299e-17,1.40485e-16,true,6.61598e-17,1.81835e-16
95,real,0.1,1.06949e-16,4.02192e-16,3.10635e-17,1.67729e-16,true,5.30975e-17,3.22926e-16
95,real,1,5.32014e-17,2.22598e-16,1.60754e-16,4.33758e-17,true,2.09676e-16,3.09272e-16
95,complex,1e-16,2.51292e-17,1.36989e-16,5.04096e-17,3.17616e-17,true,5.34652e-17,1.78154e-16
95,complex,1e-15,2.2864e-17,1.68068e-16,1.01097e-16,1.89879e-16,true,1.07116e-16,2.08466e-16
95,complex,1e-14,6.20766e-17,9.50366e-17,9.73829e-17,1.67843e-16,true,5.71696e-17,1.83508e-16
95,complex,1e-13,9.50234e-17,3.50323e-16,9.96754e-17,1.08718e-16,true,1.64699e-16,2.0925e-16
95,complex,1e-12,8.56211e-17,1.79527e-16,4.49191e-17,7.82959e-17,true,4.87232e-17,1.36587e-16
95,complex,1e-11,1.42684e-16,2.86751e-16,9.19978e-17,2.15078e-16,true,7.47519e-17,2.92713e-16
95,complex,1e-10,4.02903e-17,1.44421e-16,6.77697e-17,4.28739e-17,true,7.46694e-17,1.66364e-16
95,complex,1e-09,6.2765e-17,9.80609e-17,4.29022e-17,1.31362e-16,true,2.56099e-17,1.95873e-16
95,complex,1e-08,2.39055e-17,2.12792e-16,1.81046e-16,2.42877e-16,true,1.86215e-16,4.00882e-16
95,complex,1e-07,6.36729e-17,4.01587e-16,7.62198e-17,1.49534e-16,true,6.1224e-17,5.82983e-16
95,complex,1e-06,2.17376e-17,1.82862e-16,1.79611e-16,2.05849e-16,true,2.36609e-16,4.2457e-16
95,complex,1e-05,7.55771e-17,1.66175e-16,8.2898e-17,1.33994e-16,true,9.51553e-17,7.45765e-17
95,complex,0.0001,6.46551e-17,3.30949e-16,5.33659e-17,1.36188e-16,true,6.65025e-17,2.53747e-16
95,complex,0.001,9.87432e-17,4.20321e-16,4.34408e-17,1.00225e-16,true,3.62291e-17,2.00923e-16
95,complex,0.01,3.22759e-17,7.69035e-17,6.68348e-17,8.07836e-17,true,9.96478e-17,1.91504e-16
95,complex,0.1,4.68045e-17,1.88892e-16,9.42277e-17,4.70215e-17,true,1.0273e-16,1.35936e-16
95,complex,1,7.22866e-17,1.11363e-16,5.87497e-17,4.94867e-17,true,7.80479e-17,3.0709e-16
96,real,1e-16,5.76079e-17,5.96592e-17,2.82529e-17,1.94921e-17,true,7.3632e-17,1.50842e-16
96,real,1e-15,7.44082e-17,1.25291e-16,8.60591e-17,8.3406e-17,true,1.08066e-16,3.05054e-16
96,real,1e-14,1.6497e-17,1.71921e-16,1.95847e-16,1.37684e-16,true,2.38944e-16,3.11167e-16
96,real,1e-13,1.06912e-16,1.19403e-16,7.81794e-17,2.02553e-16,true,8.03829e-17,1.90118e-16
96,real,1e-12,1.16194e-16,1.4223e-16,1.30075e-16,1.59841e-16,true,6.5182e-17,1.35665e-16
96,real,1e-11,1.32644e-16,1.84626e-16,9.1501e-17,5.52118e-17,true,1.5705e-16,2.2721e-16
96,real,1e-10,1.10039e-16,1.95117e-16,5.65171e-17,5.28966e-17,true,2.93811e-17,1.07128e-16
96,real,1e-09,4.06867e-17,1.79361e-16,4.24302e-17,1.14873e-16,true,8.18754e-17,6.52473e-17
96,real,1e-08,6.62596e-17,2.86729e-16,2.60165e-16,2.11433e-16,true,2.31623e-16,3.75819e-16
96,real,1e-07,1.3011e-16,1.05187e-16,5.98996e-17,1.14168e-16,true,5.98975e-17,1.74394e-16
96,real,1e-06,6.31689e-17,1.96296e-16,3.55191e-17,1.39992e-16,true,9.00771e-17,2.05769e-16
96,real,1e-05,1.301e-16,2.53147e-16,1.75041e-17,4.49718e-17,true,8.93133e-17,1.46495e-16
96,real,0.0001,6.68039e-17,3.44467e-17,7.28794e-17,1.37336e-16,true,8.41666e-17,5.50005e-17
96,real,0.001,4.61533e-17,9.90827e-17,1.45076e-16,9.10801e-17,true,1.54748e-16,3.63939e-16
96,real,0.01,4.02767e-17,1.78322e-16,5.60232e-17,9.15334e-17,true,3.96625e-17,3.03488e-16
96,real,0.1,1.06949e-16,5.92594e-16,1.32577e-16,1.12977e-16,true,7.67092e-17,1.77584e-16
96,real,1,5.32014e-17,2.54197e-16,3.11999e-17,8.63245e-17,true,9.40234e-17,3.67236e-16
96,complex,1e-16,2.51292e-17,7.68175e-17,4.83651e-17,6.85384e-17,true,8.42628e-17,1.06779e-16
96,complex,1e-15,2.2864e-17,1.41415e-16,1.15464e-16,1.30358e-16,true,1.61672e-16,3.32364e-16
96,complex,1e-14,6.20766e-17,9.24181e-17,1.26036e-16,8.01983e-17,true,1.59265e-16,4.00968e-16
96,complex,1e-13,9.50234e-17,4.33533e-16,1.51846e-16,1.35478e-16,true,1.147e-16,4.73977e-16
96,complex,1e-12,8.56211e-17,1.29508e-16,1.01046e-16,1.32953e-16,true,8.89273e-17,1.24096e-16
96,complex,1e-11,1.42684e-16,2.61967e-16,1.29762e-16,1.59408e-16,true,1.72225e-16,5.3276e-16
96,complex,1e-10,4.02903e-17,1.88485e-16,1.46701e-16,1.01156e-16,true,1.19254e-16,1.36508e-16
96,complex,1e-09,6.2765e-17,7.5142e-17,7.0543e-17,9.23372e-17,true,6.73482e-17,8.03349e-17
96,complex,1e-08,2.39055e-17,2.47244e-16,1.26755e-16,1.01014e-16,true,1.32527e-16,3.73531e-16
96,complex,1e-07,6.36729e-17,5.88895e-16,5.1061e-17,1.83454e-16,true,7.42951e-17,3.47671e-16
96,complex,1e-06,2.17376e-17,1.98783e-16,1.76263e-16,1.09712e-16,true,1.79729e-16,3.17459e-16
96,complex,1e-05,7.55771e-17,1.36032e-16,1.17109e-16,7.02805e-17,true,6.57323e-17,2.17819e-16
96,complex,0.0001,6.46551e-17,4.25368e-16,3.11441e-17,4.78722e-17,true,5.52576e-17,2.98629e-16
96,complex,0.001,9.87432e-17,4.53969e-16,1.26369e-16,6.23028e-17,true,1.78487e-16,1.24018e-16
96,complex,0.01,3.22759e-17,1.06227e-16,8.80263e-17,6.07415e-17,true,5.40139e-17,1.61164e-16
96,complex,0.1,4.68045e-17,2.59167e-16,4.88283e-17,1.54695e-16,true,3.81786e-17,1.60399e-16
96,complex,1,7.22866e-17,8.23496e-17,1.33142e-16,5.42401e-17,true,1.72358e-16,1.23789e-16
97,real,1e-16,5.76079e-17,1.56373e-16,5.06376e-17,6.41876e-17,true,2.16415e-17,1.66734e-16
97,real,1e-15,7.44082e-17,3.08065e-16,1.55514e-16,1.13254e-16,true,1.8661e-16,1.66421e-16
97,real,1e-14,1.6497e-17,1.90216e-16,1.49968e-16,1.17052e-16,true,1.18771e-16,3.40801e-16
97,real,1e-13,1.06912e-16,9.96953e-17,1.08358e-16,9.03071e-17,true,1.00956e-16,5.03052e-17
97,real,1e-12,1.16194e-16,1.57687e-16,4.56861e-17,1.02027e-16,true,2.84665e-17,2.04168e-16
97,real,1e-11,1.32644e-16,1.50747e-16,2.63983e-16,1.59791e-16,true,2.15147e-16,4.84678e-16
97,real,1e-10,1.10039e-16,1.15678e-16,3.82081e-17,1.03671e-16,true,5.30296e-17,1.00275e-16
97,real,1e-09,4.06867e-17,3.32545e-16,5.98964e-17,5.92353e-17,true,1.18934e-16,8.61126e-17
97,real,1e-08,6.62596e-17,2.32011e-16,1.17032e-16,1.26841e-16,true,1.09232e-16,2.84178e-16
97,real,1e-07,1.3011e-16,1.31306e-16,1.93983e-16,1.49907e-16,true,2.21722e-16,2.47174e-16
97,real,1e-06,6.31689e-17,1.52978e-16,1.09657e-16,6.71401e-17,true,7.91697e-17,2.74183e-16
97,real,1e-05,1.301e-16,2.52464e-16,1.06975e-16,1.0152e-16,true,5.84773e-17,2.30695e-16
97,real,0.0001,6.68039e-17,1.17628e-16,1.30054e-16,1.46231e-16,true,1.48633e-16,1.41455e-16
97,real,0.001,4.61533e-17,1.69905e-16,3.90675e-17,7.46481e-17,true,4.18959e-17,2.70053e-16
97,real,0.01,4.02767e-17,1.81396e-16,1.70095e-17,1.03377e-16,true,3.8867e-17,2.97295e-16
97,real,0.1,1.06949e-16,2.76189e-16,4.65946e-17,1.56733e-16,true,8.04381e-17,1.81319e-16
97,real,1,5.32014e-17,1.89134e-16,2.17792e-16,8.47334e-17,true,3.59632e-16,2.57597e-16
97,complex,1e-16,2.51292e-17,1.82845e-16,2.80201e-17,4.5194e-17,true,2.52546e-17,1.38619e-16
97,complex,1e-15,2.2864e-17,2.13905e-16,9.2005e-17,1.35201e-16,true,9.29723e-17,7.98256e-17
97,complex,1e-14,6.20766e-17,1.6705e-16,9.18374e-17,1.20577e-16,true,1.18008e-16,1.30929e-16
97,complex,1e-13,9.50234e-17,1.23497e-16,5.14567e-17,7.80681e-17,true,9.92606e-17,4.22342e-16
97,complex,1e-12,8.56211e-17,3.48574e-17,4.25751e-17,6.07671e-17,true,2.34805e-17,1.42401e-16
97,complex,1e-11,1.42684e-16,1.51744e-16,1.86053e-16,1.6026e-16,true,1.99969e-16,4.29056e-16
97,complex,1e-10,4.02903e-17,2.31883e-16,7.85683e-17,8.3683e-17,true,4.95822e-17,1.68742e-16
97,complex,1e-09,6.2765e-17,1.69508e-16,1.36255e-16,1.0434e-16,true,1.31928e-16,2.70018e-16
97,complex,1e-08,2.39055e-17,1.34569e-16,6.14437e-17,2.09042e-16,true,7.015e-17,2.61158e-16
97,complex,1e-07,6.36729e-17,1.46426e-16,2.72576e-17,1.99983e-16,true,3.6793e-17,4.80223e-16
97,complex,1e-06,2.17376e-17,1.92138e-16,1.30145e-16,1.75723e-16,true,1.70378e-16,4.42798e-16
97,complex,1e-05,7.55771e-17,9.15452e-17,1.42066e-16,1.56572e-16,true,1.40571e-16,2.9976e-16
97,complex,0.0001,6.46551e-17,1.73046e-16,1.01207e-16,1.22352e-16,true,1.35249e-16,1.8787e-16
97,complex,0.001,9.87432e-17,3.93042e-16,1.42381e-16,1.89662e-16,true,2.08739e-16,4.8331e-16
97,complex,0.01,3.22759e-17,7.49928e-17,4.39624e-17,9.64618e-17,true,5.27954e-17,1.6032e-16
97,complex,0.1,4.68045e-17,1.69017e-16,1.12538e-16,1.14011e-16,true,1.17075e-16,2.14428e-16
97,complex,1,7.22866e-17,8.09948e-17,3.19737e-17,2.39425e-17,true,6.70019e-18,1.69561e-16
98,real,1e-16,5.76079e-17,9.28996e-17,5.16089e-17,1.65593e-17,true,5.91913e-17,1.09655e-16
98,real,1e-15,7.44082e-17,9.88932e-17,1.39184e-16,2.98934e-17,true,1.13567e-16,2.08425e-16
98,real,1e-14,1.6497e-17,1.85056e-16,2.08548e-16,8.93743e-17,true,2.70314e-16,4.15267e-16
98,real,1e-13,1.06912e-16,1.62029e-16,1.35776e-16,9.53876e-17,true,2.31295e-16,2.86336e-16
98,real,1e-12,1.16194e-16,3.43156e-17,2.64315e-17,3.06667e-17,true,4.12615e-17,1.54156e-16
98,real,1e-11,1.32644e-16,1.16433e-16,8.13397e-17,1.14421e-16,true,9.6194e-17,1.1913e-16
98,real,1e-10,1.10039e-16,1.06088e-16,1.23967e-16,8.9596e-17,true,9.88693e-17,1.91446e-16
98,real,1e-09,4.06867e-17,2.15673e-16,7.30291e-17,1.85579e-17,true,1.10413e-16,1.13937e-16
98,real,1e-08,6.62596e-17,1.54669e-16,7.65206e-17,1.79256e-17,true,7.13802e-17,7.79792e-17
98,real,1e-07,1.3011e-16,9.42109e-17,1.22808e-16,6.04689e-17,true,1.17786e-16,2.39738e-16
98,real,1e-06,6.31689e-17,1.63529e-16,9.22082e-17,1.46167e-16,true,1.1789e-16,1.01077e-16
98,real,1e-05,1.301e-16,1.55028e-16,1.3935e-16,1.12038e-16,true,9.60341e-17,1.2335e-16
98,real,0.0001,6.68039e-17,1.41644e-16,6.16071e-17,1.14437e-16,true,9.92691e-17,1.97771e-16
98,real,0.001,4.61533e-17,2.23236e-16,8.37789e-17,4.86234e-17,true,7.95356e-17,1.44064e-16
98,real,0.01,4.02767e-17,1.13542e-16,2.15683e-17,3.62392e-17,true,2.74889e-17,9.79454e-17
98,real,0.1,1.06949e-16,5.03412e-16,5.68759e-17,5.67336e-17,true,1.27267e-16,2.11415e-16
98,real,1,5.32014e-17,2.30822e-16,1.16539e-16,7.5637e-17,true,1.70466e-16,2.83349e-16
98,complex,1e-16,2.51292e-17,1.11436e-16,3.76525e-17,8.78295e-17,true,5.60648e-17,9.29838e-17
98,complex,1e-15,2.2864e-17,2.05915e-16,1.16038e-16,4.67377e-17,true,1.78502e-16,2.43135e-16
98,complex,1e-14,6.20766e-17,1.638e-16,1.12106e-16,8.35818e-17,true,1.28623e-16,2.88051e-16
98,complex,1e-13,9.50234e-17,2.28055e-16,6.03892e-17,1.90365e-16,true,9.74168e-17,2.59977e-16
98,complex,1e-12,8.56211e-17,5.53137e-17,9.13827e-17,4.64439e-17,true,9.79937e-17,1.71083e-16
98,complex,1e-11,1.42684e-16,2.27816e-16,1.76899e-16,2.14752e-16,true,1.85859e-16,3.41172e-16
98,complex,1e-10,4.02903e-17,1.76845e-16,1.82232e-16,6.01545e-17,true,1.78241e-16,1.25296e-16
98,complex,1e-09,6.2765e-17,1.45668e-17,1.33583e-16,7.94247e-17,true,1.90589e-16,2.13134e-16
98,complex,1e-08,2.39055e-17,2.44712e-16,1.22245e-16,2.18003e-16,true,1.88593e-16,2.49789e-16
98,complex,1e-07,6.36729e-17,3.34895e-16,1.78281e-16,1.74977e-16,true,9.8133e-17,4.0008e-16
98,complex,1e-06,2.17376e-17,2.33629e-16,1.35894e-16,1.87391e-16,true,2.34644e-16,4.53163e-16
98,complex,1e-05,7.55771e-17,1.45154e-16,7.80522e-17,1.3279e-16,true,1.49731e-16,1.8239e-16
98,complex,0.0001,6.46551e-17,2.84971e-16,1.17457e-16,1.39541e-16,true,1.73929e-16,2.6631e-16
98,complex,0.001,9.87432e-17,5.0145e-16,1.30369e-16,2.51202e-17,true,1.91254e-16,2.30627e-16
98,complex,0.01,3.22759e-17,9.1074e-17,1.77065e-16,3.92022e-17,true,2.11473e-16,1.603e-16
98,complex,0.1,4.68045e-17,2.67585e-16,7.8601e-17,2.53313e-16,true,1.39396e-16,2.65798e-16
98,complex,1,7.22866e-17,8.21827e-17,5.47785e-17,1.90177e-17,true,7.52664e-17,1.03657e-16
99,real,1e-16,5.76079e-17,1.10071e-16,9.60276e-18,3.4472e-17,true,3.10831e-17,1.71829e-16
99,real,1e-15,7.44082e-17,1.23629e-16,1.5937e-16,1.18033e-16,true,1.30485e-16,3.26287e-16
99,real,1e-14,1.6497e-17,1.25915e-16,1.50978e-16,1.01041e-16,true,1.8625e-16,2.82254e-16
99,real,1e-13,1.06912e-16,1.63822e-16,4.23253e-17,1.61987e-16,true,7.39817e-17,2.13516e-16
99,real,1e-12,1.16194e-16,1.82038e-16,2.6501e-17,4.22862e-17,true,9.11747e-17,2.3393e-16
99,real,1e-11,1.32644e-16,1.57265e-16,1.33696e-16,1.09805e-16,true,1.77366e-16,8.37365e-17
99,real,1e-10,1.10039e-16,2.51313e-16,2.61098e-17,5.49223e-17,true,6.71136e-17,1.24865e-16
99,real,1e-09,4.06867e-17,1.35287e-16,4.93462e-17,4.44103e-17,true,3.68873e-17,1.89789e-16
99,real,1e-08,6.62596e-17,4.15822e-16,4.87776e-17,1.37255e-16,true,2.5612e-17,1.71244e-16
99,real,1e-07,1.3011e-16,8.29008e-17,1.66336e-16,1.14694e-16,true,2.38353e-16,6.17127e-16
99,real,1e-06,6.31689e-17,1.5901e-16,8.27785e-17,1.13417e-16,true,6.56234e-17,4.61237e-17
99,real,1e-05,1.301e-16,1.78311e-16,9.76483e-17,6.59448e-17,true,1.82427e-16,2.38904e-16
99,real,0.0001,6.68039e-17,1.25326e-16,8.73944e-17,1.11207e-16,true,6.58785e-17,2.04031e-16
99,real,0.001,4.61533e-17,1.5383e-16,7.32646e-17,1.69079e-17,true,7.80475e-17,1.05085e-16
99,real,0.01,4.02767e-17,1.55426e-16,4.91906e-17,1.9573e-16,true,9.56279e-17,3.24693e-16
99,real,0.1,1.06949e-16,7.23066e-16,4.90623e-17,5.01196e-17,true,8.50373e-17,2.42588e-16
99,real,1,5.32014e-17,2.2113e-16,1.39036e-16,1.06236e-16,true,7.79885e-17,4.53239e-16
99,complex,1e-16,2.51292e-17,9.05198e-17,9.60276e-18,4.43166e-17,true,2.22677e-17,1.89525e-16
99,complex,1e-15,2.2864e-17,2.1838e-16,2.14636e-17,1.93765e-16,true,2.59001e-17,2.58611e-16
99,complex,1e-14,6.20766e-17,1.50752e-16,2.70882e-17,1.41343e-16,true,4.48836e-17,3.90293e-16
99,complex,1e-13,9.50234e-17,5.4798e-16,7.7755e-17,1.19715e-16,true,1.03994e-16,3.8987e-16
99,complex,1e-12,8.56211e-17,1.12084e-16,2.6501e-17,8.44592e-17,true,5.57641e-17,1.28085e-16
99,complex,1e-11,1.42684e-16,3.29527e-16,1.33696e-16,1.89355e-16,true,2.00776e-16,7.34888e-16
99,complex,1e-10,4.02903e-17,2.14644e-16,2.61102e-17,9.85572e-17,true,3.65301e-17,1.20248e-16
99,complex,1e-09,6.2765e-17,6.2088e-17,4.9272e-17,5.88202e-17,true,4.27871e-17,8.46966e-17
99,complex,1e-08,2.39055e-17,2.82974e-16,1.14316e-16,2.18555e-16,true,1.26054e-16,3.859e-16
99,complex,1e-07,6.36729e-17,5.19993e-16,1.39505e-16,2.56325e-16,true,1.94378e-16,6.32617e-16
99,complex,1e-06,2.17376e-17,1.65672e-16,2.63504e-16,8.14017e-17,true,2.93508e-16,3.80601e-16
99,complex,1e-05,7.55771e-17,1.3751e-16,1.11873e-16,1.29129e-16,true,1.42328e-16,2.30385e-16
99,complex,0.0001,6.46551e-17,5.76916e-16,9.59124e-17,8.11298e-17,true,4.78992e-17,4.25455e-16
99,complex,0.001,9.87432e-17,3.89996e-16,1.26646e-16,1.01632e-16,true,7.71397e-17,6.11063e-16
99,complex,0.01,3.22759e-17,1.87768e-16,5.73538e-17,1.01173e-16,true,6.39031e-17,1.73499e-16
99,complex,0.1,4.68045e-17,2.2858e-16,1.01774e-16,9.36615e-17,true,1.53855e-16,4.68786e-16
99,complex,1,7.22866e-17,6.04397e-17,5.92527e-17,7.41765e-17,true,4.29765e-17,1.32198e-16
100,real,1e-16,5.76079e-17,1.25894e-16,4.37977e-17,4.75669e-17,true,2.8678e-17,2.59327e-16
100,real,1e-15,7.44082e-17,2.68087e-16,1.85685e-16,1.18843e-16,true,1.68841e-16,3.86027e-16
100,real,1e-14,1.6497e-17,3.11866e-16,1.11646e-16,8.28776e-17,true,8.05288e-17,2.16924e-16
100,real,1e-13,1.06912e-16,1.52614e-16,6.18582e-17,7.84263e-17,true,6.18878e-17,2.24901e-16
100,real,1e-12,1.16194e-16,1.49194e-16,4.41862e-17,1.15036e-16,true,7.81242e-17,5.69401e-17
100,real,1e-11,1.32644e-16,2.41994e-16,1.62195e-16,3.66429e-17,true,1.2005e-16,3.30258e-16
100,real,1e-10,1.10039e-16,2.05086e-16,4.9494e-17,1.20614e-16,true,7.74067e-17,1.1599e-16
100,real,1e-09,4.06867e-17,3.75077e-16,6.73567e-17,6.2959e-17,true,9.99124e-17,1.61917e-16
100,real,1e-08,6.62596e-17,4.78339e-16,1.75503e-16,8.91138e-17,true,1.34219e-16,2.42245e-16
100,real,1e-07,1.3011e-16,2.72681e-16,1.67224e-16,1.17885e-16,true,2.35671e-16,2.24527e-16
100,real,1e-06,6.31689e-17,7.82258e-17,6.90114e-17,9.19715e-17,true,7.77035e-17,9.43351e-17
100,real,1e-05,1.301e-16,1.49213e-16,6.7317e-17,1.89986e-17,true,1.0296e-16,7.50926e-17
100,real,0.0001,6.68039e-17,8.99268e-17,6.47565e-17,5.02483e-17,true,7.23248e-17,2.30439e-16
100,real,0.001,4.61533e-17,1.90329e-16,8.75813e-17,6.27771e-17,true,8.54122e-17,4.29678e-16
100,real,0.01,4.02767e-17,3.60051e-16,5.3588e-17,1.3755e-16,true,4.90651e-17,8.05102e-17
100,real,0.1,1.06949e-16,1.22082e-16,5.94178e-17,9.29815e-17,true,1.11286e-16,9.44114e-17
100,real,1,5.32014e-17,2.63539e-16,8.82997e-17,5.82092e-17,true,1.48688e-16,2.75814e-16
100,complex,1e-16,2.51292e-17,1.36804e-16,6.24261e-17,9.26065e-17,true,2.8806e-17,2.29599e-16
100,complex,1e-15,2.2864e-17,2.64947e-16,6.29366e-17,1.50372e-16,true,4.94515e-17,3.51448e-16
100,complex,1e-14,6.20766e-17,1.49338e-16,4.51154e-17,1.79916e-16,true,4.57727e-17,2.55352e-16
100,complex,1e-13,9.50234e-17,3.74279e-16,6.18582e-17,1.72701e-16,true,8.17559e-17,3.10889e-16
100,complex,1e-12,8.56211e-17,1.70876e-16,4.41862e-17,1.15036e-16,true,6.58729e-17,9.15657e-17
100,complex,1e-11,1.42684e-16,1.6015e-16,1.62195e-16,1.0297e-16,true,1.65491e-16,3.43149e-16
100,complex,1e-10,4.02903e-17,2.62129e-16,6.68034e-17,1.08865e-16,true,8.63875e-17,1.7373e-16
100,complex,1e-09,6.2765e-17,5.90799e-17,6.74452e-17,4.67209e-17,true,8.24603e-17,1.62234e-16
100,complex,1e-08,2.39055e-17,2.47542e-16,1.50134e-16,2.59744e-16,true,1.45787e-16,3.74389e-16
100,complex,1e-07,6.36729e-17,3.79205e-16,1.2783e-16,1.58514e-16,true,1.55417e-16,4.72412e-16
100,complex,1e-06,2.17376e-17,1.82589e-16,1.575e-16,1.85542e-16,true,1.85257e-16,3.7816e-16
100,complex,1e-05,7.55771e-17,1.32324e-16,1.29687e-16,1.67142e-16,true,1.13218e-16,3.71933e-16
100,complex,0.0001,6.46551e-17,3.53156e-16,1.06217e-16,1.30159e-16,true,7.13134e-17,3.57595e-16
100,complex,0.001,9.87432e-17,3.95992e-16,5.95882e-17,2.0222e-16,true,6.8893e-17,1.23163e-16
100,complex,0.01,3.22759e-17,1.0349e-16,3.29385e-17,7.40883e-17,true,8.9431e-17,1.44361e-16
100,complex,0.1,4.68045e-17,3.73785e-16,1.44935e-16,1.19456e-16,true,1.44336e-16,1.27419e-16
100,complex,1,7.22866e-17,5.81096e-17,8.63265e-17,8.10654e-17,true,1.19871e-16,1.19547e-16
101,real,1e-16,5.76079e-17,5.44695e-17,4.20848e-17,2.65714e-17,true,6.87318e-17,1.88573e-16
101,real,1e-15,7.44082e-17,8.13046e-17,7.46683e-17,9.04141e-17,true,3.00109e-17,1.64206e-16
101,real,1e-14,1.6497e-17,2.25406e-16,1.69595e-16,1.74741e-16,true,2.0456e-16,3.37303e-16
101,real,1e-13,1.06912e-16,1.74451e-16,7.13598e-17,6.4394e-17,true,5.69321e-17,2.7947e-16
101,real,1e-12,1.16194e-16,1.18985e-16,4.20236e-17,3.84653e-17,true,1.16339e-16,2.32464e-16
101,real,1e-11,1.32644e-16,8.6385e-17,1.09541e-16,6.34611e-17,true,6.13381e-17,1.71433e-16
101,real,1e-10,1.10039e-16,6.48027e-17,3.1188e-17,1.7681e-17,true,9.61017e-17,1.30813e-16
101,real,1e-09,4.06867e-17,3.45954e-16,2.24209e-17,2.99841e-17,true,1.10608e-16,2.88076e-16
101,real,1e-08,6.62596e-17,2.6379e-16,7.96915e-17,1.22624e-16,true,7.35658e-17,3.00943e-16
101,real,1e-07,1.3011e-16,1.20847e-16,1.95896e-16,1.40594e-16,true,2.28272e-16,4.72554e-16
101,real,1e-06,6.31689e-17,1.25781e-16,2.441e-17,1.19911e-16,true,7.62221e-17,1.59258e-16
101,real,1e-05,1.301e-16,7.97842e-17,1.28161e-16,5.26177e-17,true,1.81274e-16,2.92007e-16
101,real,0.0001,6.68039e-17,9.12757e-17,1.37645e-16,1.05925e-16,true,1.43121e-16,1.15409e-16
101,real,0.001,4.61533e-17,8.96604e-17,6.54569e-17,3.9372e-17,true,1.21843e-16,2.5928e-16
101,real,0.01,4.02767e-17,2.3415e-16,1.22644e-16,7.97485e-17,true,1.01174e-16,2.25852e-16
101,real,0.1,1.06949e-16,2.19085e-16,1.38455e-16,6.30216e-17,true,1.83931e-16,1.2709e-16
101,real,1,5.32014e-17,8.54265e-17,7.33594e-17,1.41876e-16,true,1.21936e-16,4.29303e-16
101,complex,1e-16,2.51292e-17,1.12962e-16,6.48309e-17,4.96044e-17,true,8.06381e-17,2.25949e-16
101,complex,1e-15,2.2864e-17,2.3072e-16,4.91455e-17,1.58654e-16,true,8.3329e-17,2.6194e-16
101,complex,1e-14,6.20766e-17,3.07296e-16,6.67724e-17,9.57116e-17,true,6.82237e-17,2.81774e-16
101,complex,1e-13,9.50234e-17,1.24465e-16,2.6523e-16,6.44922e-17,true,3.26688e-16,5.20103e-16
101,complex,1e-12,8.56211e-17,8.49934e-17,8.75469e-17,5.57208e-17,true,1.32493e-16,1.69853e-16
101,complex,1e-11,1.42684e-16,9.70645e-17,6.81442e-17,1.28718e-16,true,7.59867e-17,3.76045e-16
101,complex,1e-10,4.02903e-17,9.86444e-17,1.11219e-16,1.61899e-17,true,7.13291e-17,9.15756e-17
101,complex,1e-09,6.2765e-17,9.87485e-17,2.76177e-17,5.3912e-17,true,8.75402e-17,1.40549e-16
101,complex,1e-08,2.39055e-17,1.80944e-16,1.37462e-16,1.818e-16,true,1.45376e-16,4.70901e-16
101,complex,1e-07,6.36729e-17,2.57771e-16,2.74028e-16,1.88443e-16,true,3.5425e-16,7.33627e-16
101,complex,1e-06,2.17376e-17,1.94231e-16,1.70209e-16,1.39765e-16,true,1.27109e-16,4.66807e-16
101,complex,1e-05,7.55771e-17,9.5285e-17,2.75114e-16,1.47725e-16,true,2.47695e-16,2.5689e-16
101,complex,0.0001,6.46551e-17,1.99751e-16,3.09804e-17,7.44756e-17,true,5.23342e-17,5.53112e-16
101,complex,0.001,9.87432e-17,2.71949e-16,1.20465e-16,5.80211e-17,true,8.77147e-17,3.54097e-16
101,complex,0.01,3.22759e-17,1.32278e-16,1.07963e-16,7.19657e-17,true,1.38962e-16,3.24461e-16
101,complex,0.1,4.68045e-17,9.91053e-17,1.14397e-16,1.31366e-16,true,1.93627e-16,2.33261e-16
101,complex,1,7.22866e-17,6.32822e-17,5.43865e-17,8.16818e-17,true,8.78671e-17,9.83207e-17
102,real,1e-16,5.76079e-17,5.58035e-17,2.04722e-17,4.54723e-17,true,5.67778e-17,2.73124e-16
102,real,1e-15,7.44082e-17,1.73031e-16,9.76655e-17,1.45247e-16,true,1.51135e-16,5.58328e-17
102,real,1e-14,1.6497e-17,2.38786e-16,1.49132e-16,1.14424e-16,true,1.98158e-16,3.17788e-16
102,real,1e-13,1.06912e-16,1.21007e-16,2.13682e-17,1.61911e-16,true,2.71454e-17,5.61462e-17
102,real,1e-12,1.16194e-16,1.7326e-16,1.25317e-16,5.96892e-17,true,1.76814e-16,1.04088e-16
102,real,1e-11,1.32644e-16,1.17766e-16,2.34057e-16,6.45312e-17,true,2.09324e-16,2.29174e-16
102,real,1e-10,1.10039e-16,5.84699e-17,2.47653e-17,7.33231e-17,true,3.21056e-17,9.78136e-17
102,real,1e-09,4.06867e-17,2.87355e-16,9.55299e-17,3.64004e-17,true,1.58259e-16,2.91132e-17
102,real,1e-08,6.62596e-17,3.13701e-16,2.65471e-16,5.97018e-17,true,2.49899e-16,2.13389e-16
102,real,1e-07,1.3011e-16,1.24832e-16,4.5553e-17,7.99012e-17,true,1.16395e-16,1.25898e-16
102,real,1e-06,6.31689e-17,5.58062e-17,8.04465e-17,4.74898e-17,true,1.43903e-16,1.54004e-16
102,real,1e-05,1.301e-16,1.85677e-16,1.5996e-17,1.32089e-16,true,1.37373e-17,1.25502e-16
102,real,0.0001,6.68039e-17,1.25531e-16,1.31297e-17,6.50992e-17,true,4.15537e-17,8.40489e-17
102,real,0.001,4.61533e-17,1.76891e-16,2.98692e-17,8.81548e-17,true,2.83004e-17,2.49683e-17
102,real,0.01,4.02767e-17,1.80477e-16,3.56902e-17,9.27345e-17,true,1.01445e-16,6.30733e-17
102,real,0.1,1.06949e-16,4.99722e-16,8.521e-17,6.98426e-17,true,1.08384e-16,7.11064e-17
102,real,1,5.32014e-17,1.83226e-16,7.13062e-17,1.31162e-16,true,8.58158e-17,3.28507e-16
102,complex,1e-16,2.51292e-17,5.13671e-17,4.48091e-17,2.41145e-17,true,7.02667e-17,2.75317e-16
102,complex,1e-15,2.2864e-17,2.00605e-16,1.10254e-16,1.70178e-16,true,1.50187e-16,7.07195e-17
102,complex,1e-14,6.20766e-17,1.8498e-16,5.76583e-17,1.51532e-16,true,1.0158e-16,2.3605e-16
102,complex,1e-13,9.50234e-17,3.27604e-16,7.10752e-17,1.14676e-16,true,5.09796e-17,9.05106e-17
102,complex,1e-12,8.56211e-17,1.92262e-16,6.19325e-17,4.99358e-17,true,5.87192e-17,8.32358e-17
102,complex,1e-11,1.42684e-16,2.17302e-16,1.69176e-16,8.53505e-17,true,1.93121e-16,2.86797e-16
102,complex,1e-10,4.02903e-17,1.83777e-16,5.59061e-17,1.21485e-16,true,5.31668e-17,2.14301e-16
102,complex,1e-09,6.2765e-17,6.95555e-17,3.23089e-17,5.54848e-17,true,3.45874e-17,4.41374e-17
102,complex,1e-08,2.39055e-17,1.92055e-16,6.84046e-17,9.79141e-17,true,4.60933e-17,4.58324e-16
102,complex,1e-07,6.36729e-17,3.8999e-16,7.49577e-17,1.08347e-16,true,7.40518e-17,2.30663e-16
102,complex,1e-06,2.17376e-17,7.60344e-17,1.23125e-16,1.49769e-16,true,7.89541e-17,5.01132e-16
102,complex,1e-05,7.55771e-17,1.50953e-16,5.03364e-17,1.61145e-16,true,1.24052e-16,2.30926e-16
102,complex,0.0001,6.46551e-17,4.06404e-16,1.25395e-16,3.16058e-17,true,8.70826e-17,3.63315e-16
102,complex,0.001,9.87432e-17,3.77265e-16,4.0206e-17,2.96489e-17,true,8.54616e-17,1.53009e-16
102,complex,0.01,3.22759e-17,1.12919e-16,9.21879e-18,2.52643e-17,true,5.85528e-17,9.93364e-17
102,complex,0.1,4.68045e-17,2.19228e-16,9.97738e-17,5.64823e-17,true,1.66999e-16,4.23074e-17
102,complex,1,7.22866e-17,5.79295e-17,5.62318e-17,8.87111e-17,true,8.77945e-17,7.87908e-17
103,real,1e-16,5.76079e-17,7.26014e-17,5.09226e-17,2.63398e-17,true,7.95467e-17,1.4049e-16
103,real,1e-15,7.44082e-17,8.12186e-17,6.80406e-17,1.26016e-16,true,8.51638e-17,3.49175e-16
103,real,1e-14,1.6497e-17,1.08652e-16,1.74847e-16,1.6522e-16,true,1.93783e-16,3.25563e-16
103,real,1e-13,1.06912e-16,9.17485e-17,1.04473e-16,6.69029e-17,true,1.39503e-16,3.90572e-16
103,real,1e-12,1.16194e-16,1.88517e-16,5.73558e-17,3.0141e-17,true,5.44284e-17,4.23061e-16
103,real,1e-11,1.32644e-16,3.48105e-16,1.38848e-16,1.48555e-16,true,1.39964e-16,2.68541e-16
103,real,1e-10,1.10039e-16,7.83028e-17,1.0272e-16,1.14388e-16,true,8.06307e-17,1.99129e-16
103,real,1e-09,4.06867e-17,2.4335e-16,4.46382e-17,8.25571e-17,true,1.08604e-16,7.92577e-17
103,real,1e-08,6.62596e-17,3.11351e-16,1.42347e-16,1.72232e-16,true,1.43487e-16,3.36376e-16
103,real,1e-07,1.3011e-16,1.7208e-16,1.37243e-16,2.12386e-16,true,2.04567e-16,4.68662e-16
103,real,1e-06,6.31689e-17,8.64667e-17,1.09286e-16,7.29166e-17,true,1.23647e-16,4.5898e-16
103,real,1e-05,1.301e-16,2.20702e-16,8.71312e-17,1.0767e-16,true,1.03036e-16,2.39554e-16
103,real,0.0001,6.68039e-17,1.28136e-16,1.02472e-16,1.85788e-16,true,1.06612e-16,1.97269e-16
103,real,0.001,4.61533e-17,3.02784e-16,8.39397e-17,8.46294e-17,true,9.2142e-17,1.67159e-16
103,real,0.01,4.02767e-17,3.16769e-16,1.24214e-16,9.57079e-17,true,1.16854e-16,3.49554e-16
103,real,0.1,1.06949e-16,4.80854e-16,6.17755e-17,1.00175e-16,true,5.05346e-17,3.10451e-16
103,real,1,5.32014e-17,1.7898e-16,1.02283e-16,1.78713e-16,true,1.63354e-16,4.52344e-16
103,complex,1e-16,2.51292e-17,4.9969e-17,6.70442e-17,2.63398e-17,true,8.72812e-17,1.54128e-16
103,complex,1e-15,2.2864e-17,1.95114e-16,1.28056e-16,1.56976e-16,true,1.69666e-16,3.96004e-16
103,complex,1e-14,6.20766e-17,1.80597e-16,1.22468e-16,1.07004e-16,true,9.29384e-17,3.67027e-16
103,complex,1e-13,9.50234e-17,1.04142e-16,5.12647e-17,7.15863e-17,true,7.05954e-17,3.79393e-16
103,complex,1e-12,8.56211e-17,1.9705e-16,1.24139e-16,3.0141e-17,true,7.67083e-17,3.28812e-16
103,complex,1e-11,1.42684e-16,3.25797e-16,1.81611e-16,8.3332e-17,true,2.35342e-16,4.13777e-16
103,complex,1e-10,4.02903e-17,1.72824e-16,4.55857e-17,1.14388e-16,true,7.76044e-17,1.64084e-16
103,complex,1e-09,6.2765e-17,8.04416e-17,4.46905e-17,8.25507e-17,true,3.14548e-17,2.16602e-16
103,complex,1e-08,2.39055e-17,1.69896e-16,2.25356e-16,1.84246e-16,true,2.2795e-16,5.27148e-16
103,complex,1e-07,6.36729e-17,3.17337e-16,2.03634e-16,1.46493e-16,true,2.15656e-16,4.15835e-16
103,complex,1e-06,2.17376e-17,2.11369e-16,9.93878e-17,1.795e-16,true,7.01084e-17,2.93413e-16
103,complex,1e-05,7.55771e-17,7.00555e-17,9.80773e-17,9.80114e-17,true,1.03819e-16,2.60584e-16
103,complex,0.0001,6.46551e-17,2.7089e-16,1.4546e-16,8.02761e-17,true,1.81725e-16,4.89269e-16
103,complex,0.001,9.87432e-17,3.99815e-16,5.59996e-17,7.70964e-17,true,7.31077e-17,4.35212e-16
103,complex,0.01,3.22759e-17,1.21906e-16,7.83519e-17,1.14902e-16,true,6.855e-17,1.92344e-16
103,complex,0.1,4.68045e-17,2.22591e-16,9.15364e-17,7.91042e-17,true,8.5022e-17,2.14453e-16
103,complex,1,7.22866e-17,9.56097e-17,1.10363e-16,8.05827e-17,true,8.97063e-17,2.7847e-16
104,real,1e-16,5.76079e-17,7.1428e-17,8.91207e-17,1.18954e-16,true,9.85228e-17,7.0903e-17
104,real,1e-15,7.44082e-17,3.41448e-16,6.34337e-17,1.16001e-16,true,8.30374e-17,6.44458e-17
104,real,1e-14,1.6497e-17,3.45673e-16,1.2906e-16,1.77986e-16,true,1.51331e-16,3.77499e-16
104,real,1e-13,1.06912e-16,1.65012e-16,9.9465e-17,8.34649e-17,true,1.21695e-16,2.26409e-16
104,real,1e-12,1.16194e-16,2.05183e-16,8.39072e-17,1.33703e-16,true,1.03561e-16,4.88734e-16
104,real,1e-11,1.32644e-16,9.33317e-17,1.48705e-16,9.49812e-17,true,1.69307e-16,3.3552e-16
104,real,1e-10,1.10039e-16,3.12177e-16,4.72012e-17,1.03004e-16,true,6.57119e-17,2.72819e-16
104,real,1e-09,4.06867e-17,2.2641e-16,6.51566e-17,1.19266e-16,true,3.76665e-17,2.55408e-16
104,real,1e-08,6.62596e-17,4.98953e-16,1.20525e-16,1.45027e-16,true,1.3247e-16,2.74747e-16
104,real,1e-07,1.3011e-16,1.11936e-16,6.98693e-17,1.81163e-16,true,1.2739e-16,3.42102e-16
104,real,1e-06,6.31689e-17,9.5006e-17,1.2703e-16,6.41634e-17,true,1.1012e-16,2.87291e-16
104,real,1e-05,1.301e-16,8.07455e-17,3.17779e-17,4.58894e-17,true,3.71903e-17,1.64826e-16
104,real,0.0001,6.68039e-17,2.20382e-16,9.43249e-17,7.28879e-17,true,1.22315e-16,2.67626e-16
104,real,0.001,4.61533e-17,1.33523e-16,1.37726e-16,3.53145e-17,true,1.35885e-16,1.52694e-16
104,real,0.01,4.02767e-17,5.72032e-16,7.60675e-17,9.97946e-17,true,1.18367e-16,1.56726e-16
104,real,0.1,1.06949e-16,2.66598e-16,9.03487e-17,3.56436e-17,true,1.10767e-16,3.75356e-16
104,real,1,5.32014e-17,1.93441e-16,1.48997e-16,1.36216e-16,true,1.87353e-16,2.9625e-16
104,complex,1e-16,2.51292e-17,1.05135e-16,7.02167e-17,6.9546e-17,true,9.34249e-17,1.13055e-16
104,complex,1e-15,2.2864e-17,4.12903e-17,1.63488e-16,2.00823e-16,true,1.78328e-16,3.86835e-16
104,complex,1e-14,6.20766e-17,1.13994e-16,1.0783e-16,1.17368e-16,true,1.36904e-16,5.0032e-16
104,complex,1e-13,9.50234e-17,4.38692e-16,5.52261e-17,1.10986e-16,true,3.60469e-17,3.32639e-16
104,complex,1e-12,8.56211e-17,1.53329e-16,6.88049e-17,7.02163e-17,true,8.02353e-17,1.44987e-16
104,complex,1e-11,1.42684e-16,1.22938e-16,1.70796e-16,1.6641e-16,true,2.01598e-16,3.76768e-16
104,complex,1e-10,4.02903e-17,2.95717e-16,4.72015e-17,1.12076e-16,true,6.1411e-17,2.62848e-16
104,complex,1e-09,6.2765e-17,3.55918e-17,6.49376e-17,5.48659e-17,true,7.43113e-17,1.82372e-16
104,complex,1e-08,2.39055e-17,2.39693e-16,1.11943e-16,2.42138e-16,true,1.33295e-16,4.60355e-16
104,complex,1e-07,6.36729e-17,2.57211e-16,1.01669e-16,1.43567e-16,true,7.73294e-17,4.15389e-16
104,complex,1e-06,2.17376e-17,2.2509e-16,1.72518e-16,2.40645e-16,true,1.81499e-16,3.56377e-16
104,complex,1e-05,7.55771e-17,1.2623e-16,1.33675e-16,1.12454e-16,true,1.53174e-16,4.00536e-16
104,complex,0.0001,6.46551e-17,2.85391e-16,1.23877e-16,1.00937e-16,true,1.34346e-16,2.83923e-16
104,complex,0.001,9.87432e-17,6.4811e-16,8.16373e-17,6.75088e-17,true,1.23209e-16,3.22073e-16
104,complex,0.01,3.22759e-17,1.37718e-17,3.1387e-17,1.91999e-17,true,5.74496e-17,1.00373e-16
104,complex,0.1,4.68045e-17,1.16708e-16,1.51468e-16,5.74205e-17,true,1.49705e-16,2.45344e-16
104,complex,1,7.22866e-17,8.73453e-17,1.35172e-17,1.44516e-16,true,5.40187e-17,3.81576e-17
105,real,1e-16,5.76079e-17,5.17135e-17,2.26806e-17,2.41959e-17,true,8.14573e-17,1.83435e-16
105,real,1e-15,7.44082e-17,1.00979e-16,1.66337e-16,4.92479e-17,true,2.16074e-16,4.75065e-16
105,real,1e-14,1.6497e-17,1.32142e-16,1.46715e-16,4.05399e-17,true,1.83914e-16,2.68809e-16
105,real,1e-13,1.06912e-16,6.16757e-17,6.45227e-17,7.83903e-17,true,1.01782e-16,2.2919e-16
105,real,1e-12,1.16194e-16,2.05807e-16,1.31969e-16,5.9147e-17,true,1.48886e-16,3.66425e-16
105,real,1e-11,1.32644e-16,1.21773e-16,1.35557e-16,1.86514e-17,true,1.51164e-16,3.62918e-16
105,real,1e-10,1.10039e-16,2.21426e-16,5.51985e-17,5.29381e-17,true,4.79983e-17,1.72313e-16
105,real,1e-09,4.06867e-17,1.9979e-16,6.79132e-17,1.13986e-17,true,4.67129e-17,1.79722e-16
105,real,1e-08,6.62596e-17,3.1384e-16,1.84441e-16,6.64378e-17,true,2.49467e-16,2.15359e-16
105,real,1e-07,1.3011e-16,1.47957e-16,3.8822e-17,1.36916e-16,true,4.33177e-17,3.04333e-16
105,real,1e-06,6.31689e-17,1.95201e-16,8.29707e-17,1.29062e-16,true,5.32681e-17,8.15923e-17
105,real,1e-05,1.301e-16,2.02665e-16,6.8104e-17,1.10635e-16,true,5.81262e-17,9.01481e-17
105,real,0.0001,6.68039e-17,2.73399e-16,4.93033e-17,7.92783e-17,true,7.79531e-17,1.73953e-16
105,real,0.001,4.61533e-17,3.53223e-16,2.6421e-17,9.37073e-17,true,3.95107e-17,1.26481e-16
105,real,0.01,4.02767e-17,3.87311e-16,7.59179e-17,1.03975e-16,true,1.37229e-16,2.67392e-16
105,real,0.1,1.06949e-16,2.18398e-16,6.01852e-17,9.27206e-17,true,5.67964e-17,2.76448e-16
105,real,1,5.32014e-17,2.47314e-16,1.45627e-16,4.87207e-17,true,1.74478e-16,3.65722e-16
105,complex,1e-16,2.51292e-17,7.10726e-17,1.70568e-17,5.43332e-17,true,7.7716e-17,1.94217e-16
105,complex,1e-15,2.2864e-17,1.97602e-16,1.28395e-16,2.92869e-16,true,9.21189e-17,2.06513e-16
105,complex,1e-14,6.20766e-17,2.45654e-16,5.2872e-17,4.10984e-17,true,4.82123e-17,1.48503e-16
105,complex,1e-13,9.50234e-17,4.41347e-16,4.52621e-17,1.23637e-16,true,9.14985e-17,2.59288e-16
105,complex,1e-12,8.56211e-17,2.17204e-16,1.2844e-16,1.05384e-16,true,1.40669e-16,2.83822e-16
105,complex,1e-11,1.42684e-16,2.58415e-16,1.40142e-16,8.66063e-17,true,1.54173e-16,5.22071e-16
105,complex,1e-10,4.02903e-17,1.42674e-16,5.51979e-17,1.301e-16,true,5.61387e-17,1.65713e-16
105,complex,1e-09,6.2765e-17,9.98434e-17,5.09993e-17,3.87082e-17,true,5.73676e-17,1.62371e-16
105,complex,1e-08,2.39055e-17,3.07231e-16,1.11881e-16,3.48636e-16,true,5.79068e-17,2.69744e-16
105,complex,1e-07,6.36729e-17,5.19021e-16,8.58329e-17,1.56457e-16,true,6.19101e-17,5.21638e-16
105,complex,1e-06,2.17376e-17,1.42884e-16,1.89122e-16,1.47781e-16,true,1.69826e-16,5.91454e-16
105,complex,1e-05,7.55771e-17,2.76894e-16,2.82367e-17,1.05058e-16,true,5.72959e-17,3.17167e-16
105,complex,0.0001,6.46551e-17,6.28967e-16,6.86674e-17,4.45629e-17,true,7.06235e-17,2.67921e-16
105,complex,0.001,9.87432e-17,2.60934e-16,3.53964e-17,2.04506e-16,true,4.15352e-17,1.90622e-16
105,complex,0.01,3.22759e-17,2.1747e-16,8.7479e-17,3.55448e-17,true,4.0531e-17,1.75925e-16
105,complex,0.1,4.68045e-17,2.16372e-16,1.12998e-16,1.80357e-16,true,6.16439e-17,1.12117e-16
105,complex,1,7.22866e-17,1.32138e-16,7.00762e-17,4.46166e-17,true,5.65421e-17,2.79841e-16
106,real,1e-16,5.76079e-17,1.98281e-16,3.33218e-17,5.49323e-17,true,5.40633e-17,1.76549e-16
106,real,1e-15,7.44082e-17,1.53436e-16,1.6433e-16,9.8582e-17,true,1.86925e-16,3.15264e-16
106,real,1e-14,1.6497e-17,2.22562e-16,1.21046e-16,2.24196e-16,true,1.94793e-16,2.95401e-16
106,real,1e-13,1.06912e-16,7.80866e-17,1.36888e-16,6.79485e-17,true,1.15918e-16,2.25913e-16
106,real,1e-12,1.16194e-16,3.95647e-17,3.44219e-17,1.12303e-16,true,9.76188e-17,1.90203e-16
106,real,1e-11,1.32644e-16,1.48214e-16,1.03798e-16,7.10397e-17,true,1.16969e-16,4.03512e-16
106,real,1e-10,1.10039e-16,1.60462e-16,7.03212e-17,2.02772e-17,true,2.47083e-17,5.57619e-17
106,real,1e-09,4.06867e-17,2.95676e-16,1.09617e-16,5.70188e-17,true,1.09946e-16,1.96225e-16
106,real,1e-08,6.62596e-17,1.86804e-16,1.36823e-16,1.30836e-16,true,1.28013e-16,2.93787e-16
106,real,1e-07,1.3011e-16,1.18286e-16,7.0742e-17,4.91668e-17,true,9.12698e-17,2.19031e-16
106,real,1e-06,6.31689e-17,1.44112e-16,1.98748e-16,8.23594e-17,true,1.6869e-16,2.52355e-16
106,real,1e-05,1.301e-16,2.26437e-16,4.4369e-17,8.74307e-17,true,5.04255e-17,1.01952e-16
106,real,0.0001,6.68039e-17,7.81627e-17,1.58082e-16,8.18629e-17,true,1.152e-16,2.3926e-16
106,real,0.001,4.61533e-17,1.54543e-16,5.76065e-17,9.12183e-17,true,1.1715e-16,7.96792e-17
106,real,0.01,4.02767e-17,2.07658e-16,8.13713e-17,7.76847e-17,true,1.15613e-16,1.6744e-16
106,real,0.1,1.06949e-16,4.47625e-16,1.2676e-16,6.73438e-17,true,1.11832e-16,2.16443e-16
106,real,1,5.32014e-17,1.92139e-16,7.77654e-17,1.10161e-16,true,7.06567e-17,4.8002e-16
106,complex,1e-16,2.51292e-17,2.40074e-16,2.28293e-17,2.71653e-17,true,4.95772e-17,7.11583e-17
106,complex,1e-15,2.2864e-17,2.72522e-16,7.55792e-17,1.13104e-16,true,6.95099e-17,1.21414e-16
106,complex,1e-14,6.20766e-17,1.3711e-16,1.07399e-16,1.08723e-16,true,1.3649e-16,2.94297e-16
106,complex,1e-13,9.50234e-17,1.25417e-16,1.38097e-16,6.5291e-17,true,1.73898e-16,1.81009e-16
106,complex,1e-12,8.56211e-17,1.05354e-16,7.68019e-17,5.18131e-17,true,1.09412e-16,1.09538e-16
106,complex,1e-11,1.42684e-16,2.30617e-16,1.36434e-16,2.21602e-16,true,7.95339e-17,3.89999e-16
106,complex,1e-10,4.02903e-17,1.62622e-16,7.07682e-17,1.32561e-17,true,8.44442e-17,1.09709e-16
106,complex,1e-09,6.2765e-17,1.40181e-16,1.5246e-16,2.95683e-17,true,1.75521e-16,1.22967e-16
106,complex,1e-08,2.39055e-17,1.52866e-16,2.03624e-16,1.04953e-16,true,2.13501e-16,4.38431e-16
106,complex,1e-07,6.36729e-17,1.15222e-16,1.6135e-16,1.73294e-16,true,7.58873e-17,4.2088e-16
106,complex,1e-06,2.17376e-17,1.90809e-16,2.05708e-16,1.53693e-16,true,1.5937e-16,4.29861e-16
106,complex,1e-05,7.55771e-17,1.22277e-16,1.69852e-16,1.03658e-16,true,1.44994e-16,1.88183e-16
106,complex,0.0001,6.46551e-17,1.4981e-16,2.22877e-16,1.35104e-16,true,2.44267e-16,4.54468e-16
106,complex,0.001,9.87432e-17,4.77651e-16,1.26835e-16,6.75367e-17,true,9.00971e-17,2.8664e-16
106,complex,0.01,3.22759e-17,1.25817e-16,1.49026e-16,5.8776e-17,true,1.65282e-16,2.22947e-16
106,complex,0.1,4.68045e-17,2.3523e-16,1.39576e-16,6.21948e-17,true,1.42973e-16,2.77718e-16
106,complex,1,7.22866e-17,9.74461e-17,1.15951e-16,1.40434e-16,true,1.5537e-16,1.20221e-16
