epsilon,sigma_relerr,residual_relerr,lyapunov_adjoint_relerr,min_eigenvalue,cholesky_success,reference_fro_log10
1,1.25969e-16,6.44762e-16,1.46255e-16,0.295422,true,0.449915
0.1,2.70205e-16,6.36872e-16,1.6565e-16,2.95422,true,1.44991
0.01,1.83305e-16,7.05303e-16,1.6152e-16,29.5422,true,2.44991
0.001,1.72555e-16,6.43218e-16,1.99936e-16,295.422,true,3.44991
0.0001,1.74861e-16,5.7816e-16,9.76495e-17,2954.22,true,4.44991
1e-05,1.98742e-16,6.80098e-16,1.84932e-16,29542.2,true,5.44991
1e-06,2.69374e-16,5.99763e-16,1.00545e-16,295422,true,6.44991
1e-07,1.7599e-16,6.06718e-16,1.41745e-16,2.95422e+06,true,7.44991
1e-08,2.17692e-16,6.38261e-16,1.36205e-16,2.95422e+07,true,8.44991
